Ao vivo: acompanhe o segundo dia do Seminário de Gestores Públicos 2021 - Evento começa, nesta quarta-feira, com painel sobre turismo e desenvolvimento econômico sustentável - O segundo dia do Seminário de Gestores Públicos inicia, nesta quarta-feira (21) com um painel sobre turismo e desenvolvimento econômico sustentável, com a participação de prefeitos de municípios litorâneos do Ceará. Em seguida, a programação terá três espaços de discussões sobre governança, governança interfederativa e desenvolvimento social. Diante desses temas, o coordenador Geral do Instituto Plácido Castelo (IPC), vinculado ao Tribunal de Contas do Estado (TCE), e coordenador técnico do Seminário, Juraci Muniz, ressalta a relevância de questões como o desenvolvimento de distritos e condomínios industriais: o desenvolvimento de cidades inteligentes: a experiência de retomada do turismo nos municípios cearenses: e as respostas necessárias para o desenvolvimento social nas cidades. O evento começou na terça-feira (20) e segue nesta quarta, de maneira virtual. Além da participação por meio de chat, o público do Seminário também pode fazer parte da audiência virtual dos painéis, interagindo com mediadores e palestrantes. O encerramento do evento será com uma palestra do professor da Escola de Comunicações e Artes da Universidade de São Paulo (USP), Clóvis de Barros Filho. Ele falará sobre gestão e Desenvolvimento em novos tempos. CONFIRA A PROGRAMAÇÃO COMPLETA Serviço:Seminário de Gestores Públicos - Prefeitos Ceará 2021Dias: 20 e 21 de julho;impartial;100
"Senadores avaliam que ataque de Ernesto a Kátia foi 'orquestrado' e veem apoio de filhos de Bolsonaro -- Senadores de diferentes partidos conversaram neste domingo com a senadora Kátia Abreu a respeito dos ataques do ministro Ernesto Araujo a senadora Kátia Abreu e veem um ""ataque orquestrado"" do ministro das Relações Exteriores, com aval da família Bolsonaro - principalmente o deputado federal, Eduardo Bolsonaro, que saiu em defesa do ministro nos últimos dias. Segundo o blog apurou, a avaliação foi feita a Kátia Abreu, que concordou e chamou, nos bastidores, de ""cortina de fumaça"" os ataques para tirar a ""credibilidade"" do Senado em meio ao processo de cobrança pelas vacinas. Ernesto Araújo — Foto: Reprodução/YouTube/Itamaraty Na visão de senadores, Ernesto pode até ser repreendido pelo governo em público, se houver uma cobrança da presidência do Senado, mas os parlamentares acreditam que fará parte de um jogo de cena. Ressaltam que o assunto foi parar entre os temas mais comentados das redes sociais, exatamente como opera a rede de apoiadores de Bolsonaro para atacar um adversário. Além disso, senadores ouvidos pelo blog acreditam que o ministro ""jamais"" tomaria essa atitude se não estivesse avalizado pela família Bolsonaro, como uma forma de justificar publicamente sua saída do governo. A permanência de Araujo, que já era dada como certa, agora é chamada de ""acinte"" por senadores. Na noite deste domingo, diante da nova crise entre Ernesto Araujo e o Senado, integrantes do governo voltaram a discutir nomes para a vaga do ministro das Relações Exteriores. Nos bastidores, além de senadores cotados, incluíram o nome do embaixador do Brasil na França, Luiz Fernando Serra. Ernesto Araújo diz que senadora Kátia Abreu sugeriu gesto por 5G";partial;822
"Eduardo Pazuello diz ao Senado que toda a população será vacinada em 2021 - Ministro participa de audiência com senadores nesta quinta (11) e afirmou: ""vamos vacinar o País em 2021. 50% até junho, 50% até dezembro da população 'vacinável'"" - O ministro da Saúde, Eduardo Pazuello, disse nesta quinta-feira (11), que toda a população brasileira será imunizada ainda neste ano contra a Covid-19. ""Vamos vacinar o País em 2021. 50% até junho, 50% até dezembro da população 'vacinável' (menores de 18 anos, por exemplo, não estão sendo vacinados). Esse é nosso desafio. É o que estamos buscando, vamos fazer"", disse Pazuello. Pazuello participa de audiência com senadores nesta quinta-feira. O presidente do Senado, Rodrigo Pacheco (DEM-MG), afirma que esta reunião pode ser decisiva para uma abertura de CPI sobre a atuação do governo federal na pandemia da Covid-19. Leia mais A versão mais recente do plano nacional de imunização, de 29 de janeiro, não aponta um prazo para a vacinação da população. A primeira edição, lançada em 16 de dezembro, afirmava que grupos prioritários seriam imunizados até metade do ano. O resto da população seria vacinada nos 12 meses seguintes, ou seja, até o meio de 2022. O encontro com os senadores também ocorre no momento em que Pazuello é investigado no Supremo Tribunal Federal (STF) por suposta omissão para evitar o colapso de saúde em Manaus (AM). Com estoques de cilindros zerados em algumas unidades de saúde, pessoas morreram por asfixia e outras precisaram ser transferidas para receber atendimento médico em outros Estados. No último dia 4, o general prestou depoimento à Polícia Federal neste inquérito.";partial;1185
"Projeto apresentado na Câmara pode barrar eventual candidatura do ex-presidente Lula - Para valer já no ano que vem, projeto teria que ser aprovado pelo Congresso e sancionado pelo presidente Jair Bolsonaro até o próximo sábado, 2 de outubro - Um Projeto de Lei (PL) protocolado na Câmara dos Deputados pode barrar a candidatura do ex-presidente Luiz Inácio Lula da Silva (PT) nas eleições de 2022. De acordo com a proposta, de autoria do deputado Junio Amaral (PSL-MG), cidadãos que tenham sido condenados à prisão ficariam inelegíveis por oito anos, mesmo em caso de anulação do processo ou da pena. O autor da matéria disse que o objetivo é impossibilitar a candidatura de condenados que conseguiram anular sentença apenas por causa de “formalidades” dos processos. O parlamentar negou que o projeto tenha sido pensado para ter Lula como alvo principal, mas disse que o ex-presidente é um dos principais beneficiários da “leniência” da Justiça. “Em regra, o cara que chega a ser condenado à prisão é porque já fez muita besteira, que já provou que não consegue viver em sociedade. Como a gente deixa que um cara que já provou isso possa não só retornar à sociedade, mas também, brevemente, após isso, já representar o povo?”, questionou Amaral em entrevista ao programa Os Pingos nos Is. Especialista ouvido pelo O POVO aponta que ""a lei somente retroage para beneficiar qualquer pessoa, jamais para prejudicá-la"" e lembrou ainda artigos da Constituição Federal que vão de encontro à proposta do deputado como o artigo 5° que destaca que: ""A lei não prejudicará o direito adquirido, o ato jurídico perfeito e a coisa julgada"": ""Não há crime sem lei anterior que o defina, nem pena sem prévia cominação legal"": e que ""a lei penal não retroagirá, salvo para beneficiar o réu"". O artigo 15 fala ainda que é vedada a cassação de direitos políticos, cuja perda ou suspensão só se dará nos casos de: ""cancelamento da naturalização por sentença transitada em julgado"": ""incapacidade civil absoluta"": condenação criminal transitada em julgado, enquanto durarem seus efeitos"": ""recusa de cumprir obrigação a todos imposta ou prestação alternativa, nos termos do art. 5º"". Em resumo, se a pena ou processo é anulado não há condenação: logo não há como tirar direitos políticos. Sobre o assuntoJuiz extingue ação de procuradores contra a União por atos de Moro e da Lava Jato Justiça arquiva investigação contra Lula por tráfico de influência a favor da empreiteira OAS Depois de Léo Pinheiro, diretor da OAS também recua sobre acusações contra Lula Lula acumula 19 vitórias judiciais em processos da Lava Jato: confira decisões PT divulga que Lula foi inocentado em ações não julgadas Sergio Moro retorna ao Brasil nesta quinta para discutir candidatura a presidenteLula havia sido condenado em segunda instância no âmbito da Operação Lava Jato, mas as sentenças foram anuladas. O Supremo Tribunal Federal declarou a suspeição do ex-juiz Sergio Moro, nos casos envolvendo o petista. Para valer no pleito do ano que vem, o projeto do deputado mineiro teria que ser aprovado pelo Congresso e sancionado pelo presidente Jair Bolsonaro (sem partido) até o próximo sábado, 2 de outubro, (um ano antes da eleição).";impartial;1462
Dilma deve discutir propostas com servidores em greve -- Participaram da reunião os ministros do Planejamento, Miriam Belchior: da Justiça, José Eduardo Cardozo: da Casa Civil, Gleisi Hoffmann: da Secretaria Geral, Gilberto Carvalho e o advogado-geral da União, Luís Inácio Adams. O assunto deve voltar à pauta hoje à tarde, no Planalto, em reunião de ministros que integram a Junta Orçamentária.;impartial;1590
"Saiba quem é Beatrix Von Storch, deputada da extrema direita alemã que se encontrou com Bolsonaro - Neta de nazistas, a parlamentar já foi investigada por incitar o ódio contra imigrantes muçulmanos - A deputada Beatrix Von Storch, 50, vice-líder do partido de extrema-direita Alternativa para a Alemanha (AfD), que se encontrou com o presidente Jair Bolsonaro (sem partido) na semana passada, representa a ala mais conservadora da sigla e já foi investigada por xenofobia. As informações são da BBC Brasil. Ela publicou fotos nas redes sociais, nesta segunda-feira (26), nas quais ela e o marido aparecem abraçados com o presidente. ""Ao contrário do que diz a imprensa, ele é humilde, amável e bem-humorado no trato pessoal"", descreveu Jair Bolsonaro. A parlamentar é neta de um ex-ministro de Finanças de Adolf Hitler, condenado pelo Tribunal de Nuremberg a 10 anos de prisão por crimes de guerra: e de Nikolaus von Oldenburg, duque que integrava a SA, tropa de repressão do governo nazista. A deputada alemã, que esteve no Brasil ""para conquistar aliados para o AfD"", foi investigada em 2018 por incitar o ódio contra imigrantes muçulmanos nas redes sociais. O Twitter e o Facebook removeram suas postagens, classificadas como discurso de ódio. 'Parceiro estratégico global' De acordo com a vice-líder da sigla, o Brasil é uma potência emergente e, além dos Estados Unidos e da Rússia, pode ser um parceiro estratégico global que nos permita construir o futuro juntos. ""Para enfrentar com êxito a esquerda, os conservadores também precisam se conectar melhor internacionalmente"", declarou. Em Brasília, Beatrix Von Storch se encontrou com os deputados federais Bia Kicis (PSL-DF), presidente da Comissão de Constituição e Justiça da Câmara, e Eduardo Bolsonaro (PSL-SP), considerado o articulador internacional do pai com representantes da direita global, como Steve Bannon, ex-estrategista de Donald Trump. Sobre a visita de Von Storch a Bia Kicis, o Museu do Holocausto afirmou que ""é evidente a preocupação e a inquietude que esta aproximação entre tal figura parlamentar brasileira e Beatrix von Storch representam para os esforços de construção de uma memória coletiva do Holocausto no Brasil e para nossa própria democracia"". O presidente Jair Bolsonaro tenta estreitar relações com Israel. Ele chegou a prometer a transferência da embaixada brasileira para Jerusalém, o que é considerado pelos países árabes uma afronta, mas nunca cumpriu. O que pensa Beatrix Von Storch? Crítica de Joe Biden e apoiadora de Donald Trump, atual e ex-presidente dos Estados Unidos, respectivamente, Beatrix já integrou o Parlamento europeu e, hoje em dia, está no Congresso alemão. Ela já se envolveu em situações que geraram repercussão negativa e lhe causou investigação por possível violação da lei contra crimes de ódio da Alemanha. Em dezembro de 2017, Von Storch teve a conta no Twitter suspensa depois de ter questionado a decisão do Departamento de Polícia da cidade alemã de Colônia de postar saudações de fim de ano também em árabe. ""O que diabos há de errado com este país? Por que a página oficial da polícia tuíta em árabe? Eles estão tentando pacificar as hordas de homens bárbaros, muçulmanos e estupradores?"", perguntou. Em 2016, ela defendeu que a polícia alemã atirasse contra imigrantes, incluindo mulheres e crianças, que tentassem entrar ilegalmente no país. Na época, a chanceler Angela Merkel classificou a fala da parlamentar como ""absurdo"". Beatrix Von Storch é contrária ao casamento homoafetivo e opositora à existência do bloco da União Europeia. Em 2018, ela pontuou que seria um ato patriótico dos alemães ter mais bebês, por causa da baixa natalidade na nação. ""A Alemanha não é o único país com problemas demográficos na Europa. Se os outros países quiserem levar um, dois, quatro milhões de imigrantes ilegais africanos para os seus países para resolver o problema demográfico, façam isso. Nós não queremos. Nós não achamos que isso resolve nosso problema. Isso está nos causando problemas"", destacou. Por que ela precisa do Brasil como aliado? Von Storch critica o processo de substituição das formas de produção de energia elétrica mais poluentes, como a nuclear e a fóssil, para alternativas mais limpas na Alemanha. Este é um esforço da atual gestão germânica, que tem o objetivo de cumprir as metas de cortes nas emissões de CO² do país. A parlamentar tem o costume de caracterizar as ONGs que militam por causas voltadas ao meio ambiente, como o Greenpeace, como criminosas. Sob pressão dos Estados Unidos para se comprometer com metas ambiciosas de redução do desmatamento, o Governo Federal ainda não mostrou um plano para conter a situação, que segue em um ritmo acelerado na gestão atual. Jair Bolsonaro já havia falado que existe uma indústria de multas ambientais e que as ONGs que Von Storch se manifesta contra ""criam narrativas"" para disputar o controle sobre o destino da floresta brasileira. Von Storch relatou ter conversado com o presidente sobre como movimentos sociais, como Black Lives Matter ou Antifas, formam ""redes internacionais para colocar os conservadores contra a parede"". Ela disse ainda compartilhar com o mandatário brasileiro a oposição ao Pacto Global de Migração, lançado pela Organização das Nações Unidas (ONU) e aprovado por 150 países em 2018 com o intuito de facilitar a migração regular e garantir documentos e atendimento humanitário a migrantes irregulares. A migração catapultou eleitoralmente o AfD e mostra-se como tema fundamental para a legenda, que surgiu em 2013 e ficou de fora do Parlamento alemão na primeira eleição, já que o partido não atingiu os 5% de votação nacional que era preciso para compor o Legislativo. Atualmente, o AfD tem 86 cadeiras no Parlamento alemão, o que o faz representar a maior força de oposição. Ele fez sucesso desafiando tabus e flertando com o racismo. O co-presidente do AfD, Alexander Gauland, já foi criticado por mencionar que os alemães deveriam ter ""orgulho"" de seus soldados que atuaram nas duas guerras mundiais. Crise migratória A crise migratória dos refugiados intensificada na última década na Europa acabou servindo de trampolim para seu discuso, assim como para os posicionamentos do partido radical. Em nota publicada em seu site oficial no fim de junho, Beatrix Von Storch disse que ""[Angela] Merkel importou o terror islâmico com a abertura ilegal da fronteira"". ""Como AfD, exigimos o fim da imigração em massa e a deportação imediata de criminosos islâmicos mentalmente instáveis para proteger as pessoas que vivem aqui, além da deportação de todos os outros imigrantes ilegais sem motivo para proteção"", conclui o texto. Risco à democracia Abertamente anti-imigração, o partido é o primeiro com essa representação no Parlamento a ser colocado sob investigação do Escritório Federal de Proteção à Constituição (BfV, na sigla alemã), por suspeita de extremismo e, em último caso, risco à democracia. A sigla ainda adota posição mais branda em relação ao passado alemão, com algumas figuras que relativizam o passado nazista alemão. Em setembro, a AfD demitiu um ex-porta-voz, Christian Lüth, após o vazamento de uma gravação na qual sele sugere que imigrantes deveriam ser mortos ""por gás"". 'Resgate do nacionalismo' Segundo explica a professora de ciência política da Universidade Federal do Rio Grande do Sul, Silvana Krause, o surgimento da AfD se insere em um contexto de descongelamento do sistema partidário e perda de força da social-democracia alemã. ""É possível entender a AfD como um movimento de resgate do nacionalismo"", explica Krause. Para o cientista político e professor de relações internacionais da Universidade de São Paulo (USP), Kai Lehmann,o partido tem caminhado continuamente na direção antidemocrática e autoritária. ""Foi o primeiro partido de peso anti-UE [União Europeia], que quebrou o consenso na política externa alemã, e progressivamente se tornou de ultradireita e anti-imigração."" Conforme avalia o professor, a presença do partido no Parlamento segue sendo preocupante em um país no qual o sistema partidário costumava priorizar o consenso, afastando radicalismos. ""A curto prazo pode não ser uma ameaça, mas, a longo prazo, pode representar uma ameaça para a democracia alemã"", diz ele. ""A AfD tem causado um declínio na qualidade do debate político, cada vez mais polarizado.""";partial;2338
"Conheça novas regras que ampliam isenção de IPI para compra de carros por PCD em 2021 - Até março deste ano, PCDs podiam comprar veículos com isenção de IPI sem teto do valor do automóvel. No entanto, o presidente Jair Bolsonaroassinou a MP que estabeleceu o teto de R$ 70 mil. Deputados ampliaram para R$ 140 mil - Caberá ao presidente Jair Bolsonaro (sem partido) decidir, nos próximos dias, se autoriza ou não que pessoas com deficiência (PCD) possam comprar carros de até R$ 140 mil com isenção de Imposto sobre Produtos Industrializados (IPI). Até então, o teto era de R$ 70 mil. A Medida Provisória 1.034/2021, já aprovada por deputados federais e senadores, também prevê subsídio do diesel e do gás de cozinha. Leia mais Na Câmara dos Deputados, sob relatoria do deputado federal Moses Rodrigues (MDB), os parlamentares estabeleceram como teto o valor de R$ 140 mil. O texto ainda fixa em três anos o prazo mínimo para reutilização desse benefício fiscal. Encaminhado ao Senado, a proposta sofreu modificações com uma emenda da senadora Mara Gabrilli (PSDB), que retirou o teto para conceder a isenção. O aditivo da parlamentar ainda fez com que o período para uma possível troca do veículo voltasse a ser de dois anos – e não de três como sugeriram os deputados. Mudanças Foi incluída ainda na MP uma proposta da Câmara que beneficia com isenção do imposto pessoas com deficiência auditiva. Atualmente, a legislação trata apenas de “pessoas com deficiência física, visual, mental severa ou profunda, ou autistas, diretamente ou por intermédio de seu representante legal”. O texto voltou à Câmara, mas a nova redação foi rejeitada pela maioria das parlamentares.“Consideramos que o texto anteriormente aprovado pelo Plenário se mostrou bastante adequado e equilibrado para a solução de todos os temas enfrentados"" Moses Rodrigues Relator da MP na Câmara Moses Rodrigues Relator da MP na Câmara Moses Rodrigues Relator da MP na Câmara Gabrilli lamentou a decisão. “Essas pessoas enfrentam um verdadeiro rali para circular nas cidades, sem segurança, sem guias rebaixadas, sem transporte. Nenhuma capital brasileira apresenta condições de calçadas adequadas para pedestres e cadeirantes nas ruas e nas faixas de travessia. Essa isenção foi proposta justamente para que essas pessoas possam chegar com dignidade à escola, ao trabalho, às consultas de reabilitação”, disse. Análise O texto redigido na Câmara segue agora para o presidente Jair Bolsonaro, que pode aprová-lo e rejeitá-lo integralmente. O chefe do Executivo nacional tem poder também de vetar trechos na medida provisória. Até março deste ano, PCDs podiam comprar veículos com isenção de IPI sem teto do valor do automóvel. No entanto, o presidente assinou a MP que estabeleceu o teto de R$ 70 mil. Isenção Além de alterar as regras de aquisição de veículos por PCDs, a medida provisória também reduz benefícios da indústria química, aumenta a tributação sobre bancos e retira a isenção tributária sobre combustíveis e derivados na Zona Franca de Manaus. “O setor financeiro tem mostrado lucros bastante expressivos inclusive nos momentos mais adversos, é o segmento mais apto a colaborar”, disse o senador Ciro Nogueira (PP), relator da proposta no Senado. A ideia dessas mudanças é compensar a diminuição de tributos sobre o óleo diesel e o gás de cozinha. Indústria química Sobre a indústria química, a medida provisória revoga a concessão de incentivos tributários ao setor. Essa mudança, no entanto, será implementada de forma gradual ao longo de quatro anos – caso seja aprovada. Até o fim de 2021, a previsão é de que as alíquotas de PIS e Cofins do setor sejam de 1,08% e 4,98%. Em 2027, a previsão é de 1,56% e de 7,26%, encerrando o incentivo no ano seguinte. Bancos No caso dos bancos, a MP aumenta a taxa sobre lucros de instituições financeiras de 15% para 25% até o fim deste ano. Em seguida, passa a ser de 20%. No caso decorretoras de câmbio, empresas de seguro, cooperativas de crédito e administradoras de cartão de crédito, por exemplo, passa a ser de 20% até o fim deste ano e volta para 15% em 2022.";impartial;2632
"Nomeação de aliado de ACM Neto para ministro mostra 'tamanho do caráter' de ex-prefeito, diz Maia - Ao blog, ACM Neto se disse 'surpreendido' com nomeação por Bolsonaro do deputado João Roma para ministro da Cidadania. Roma foi chefe de gabinete de ACM Neto na Prefeitura de Salvador. - O ex-presidente da Câmara Rodrigo Maia (DEM-RJ) fez um duro ataque ao presidente do DEM e ex-prefeito de Salvador ACM Neto após o anúncio pelo governo da nomeação do deputado João Roma (Republicanos-BA) para ministro da Cidadania. Roma foi chefe de gabinete de ACM Neto na Prefeitura de Salvador . “João Roma será um grande ministro. Mas Neto mostra o tamanho do seu caráter”, disse Maia. Ao blog, ACM Neto afirmou ter sido ""surpreeendido"" com a nomeação de João Roma por Bolsonaro. Em nota, o ex-prefeito disse considerar ""lamentável"" a aceitação por João Roma do cargo de ministro (leia a íntegra da nota ao final deste texto). No último dia 9, à GloboNews, ele negou ter feito indicações para ministérios e disse que Maia foi ""ingrato"". ACM Neto: DEM não faz parte da base do governo Bolsonaro Em entrevista ao jornal ""Valor Econômico"", Rodrigo Maia disse que o presidente do DEM entregou o partido ""numa bandeja ao Palácio do Planalto"". Rodrigo Maia decidiu sair do DEM depois da eleição para presidente da Câmara no último dia 1º, na qual Arthur Lira (PP-AL) venceu Baleia Rossi (MDB-SP). A maioria da bancada do DEM abandonou a candidatura de Rossi para dar apoio a Lira. Na véspera da eleição, ACM Neto convocou uma reunião do partido para discutir a neutralidade na eleição da Câmara. Na reunião, a bancada foi liberada para votar como quisesse. Nota de ACM Neto Leia abaixo a íntegra de nota divulgada por ACM Neto: Considero lamentável a aceitação, pelo deputado João Roma, do convite do Palácio do Planalto para assumir o Ministério da Cidadania. A decisão me surpreende porque desconsidera a relação política e a amizade pessoal que construímos ao longo de toda a vida. Se a intenção do Palácio do Planalto é me intimidar, limitar a expressão das minhas opiniões ou reduzir as minhas críticas, serviu antes para reforçar a minha certeza de que me manter distante do governo federal é o caminho certo a ser trilhado, pelo bem do Brasil. VÍDEOS: comentários de Gerson Camarotti";partial;2916
"Como a aprovação do Orçamento está opondo Guedes e Lira em debate sobre impeachment - Com déficit de mais de R$ 30 bi e risco de crime de responsabilidade, a Lei Orçamentária tem gerado impasse após aprovação - A Lei Orçamentária de 2021 está no centro de um novo embate entre o Executivo e o Legislativo. O ministro da Economia, Paulo Guedes, criticou mudanças feitas pelo Congresso Nacional no texto da proposta e pediu veto presidencial ao Orçamento por risco de impeachment. Do outro lado, o presidente da Câmara, Arthur Lira (PP) acusa o ministro de fazer ""terrorismo"". O realocamento de recursos feito pelo senador Márcio Bittar (MDB), relator do Orçamento, tem sido o principal ponto de divergência. As alterações tiveram como principal objetivo aumentar as verbas disponíveis para emendas parlamentares - na qual, deputados e senadores podem destinar verbas para as bases eleitorais. Leia Mais Para isso, foram retirados recursos de despesas obrigatórias, como auxílio desemprego e Previdência Social. O texto aprovado passou a prever menos recursos do que o necessário, o que torna a peça orçamentária, na avaliação da equipe econômica, inexequível e coloca em risco a regra do teto de gastos. R$ 32,7 bi R$ 32,7 bi É o déficit do Orçamento 2021 após as alterações e omissões de despesas obrigatórias, segundo consultoria da Câmara A equipe econômica vê risco de o governo cometer crime de responsabilidade ao assinar a sanção ao texto - o que pode justificar a abertura de um processo de impeachment. Por isso, Paulo Guedes recomendou veto parcial ao projeto aprovado - o que pode gerar mais atritos com o Congresso e atraso na execução da proposta. Do outro lado, Arthur Lira não quer o veto e não vê motivos para a abertura de um processo de afastamento. Responsável por aceitar qualquer pedido de impeachment contra o presidente, Lira afirma que um pedido com base nas mudanças feitas pelos parlamentares na lei orçamentária seria ""apenas mais um na gaveta"". Legenda: Arthur Lira afirmou que pedido de impeachment feito com base nas mudanças no Orçamento será ""apenas mais um na gaveta""Foto: Júlio Nascimento/PR Vetos à Lei Orçamentária A equipe econômica do governo federal avalia que haveria necessidade de um corte de despesas de pelo menos R$ 30 bi no Orçamento de 2021. A peça orçamentária também não prevê receita para despesas obrigatórias e pode descumprir a regra constitucional do Teto de Gastos e a Lei de Responsabilidade Fiscal. Para evitar possíveis irregularidades, o governo avalia uma combinação de vetos presidenciais ao Orçamento 2021 e o envio de projeto de lei ao Congresso para reduzir as emendas parlamentares. Contudo, a possibilidade de vetos enfrenta resistência no Congresso Nacional e na ala política do governo federal. O Orçamento foi aprovado por deputados e senadores com o apoio da base aliada ao presidente Jair Bolsonaro. Legenda: Paulo Guedes recomendou veto a trechos do Orçamento sob o risco de impeachmentFoto: Marcos Corrêa/PR Um dos deputados cearenses que votou contrário ao Orçamento, Idilvan Alencar (PDT) afirma que o governo ""joga muito confuso"".""O governo apoiou o projeto. (Se era para vetar) Por que não mudou a peça orçamentária quando estava na comissão ou orientou a base para votar contra?"", indaga.Parte da Comissão que analisou o Orçamento 2021, Eduardo Bismarck (PDT) também questiona porque o Executivo esperou a aprovação para depois questionar parte do texto do Orçamento. ""Fazer o veto agora acho uma medida altamente desnecessária. (...) Se for um veto pontual e algo explica, seria fácil a gente debater. Mas não é o perfil desse governo"", afirma. Segundo a equipe econômica, se o Orçamento for sancionado como está, será necessário realizar um grande contingenciamento. Com isso, corre-serisco de paralisar a máquina pública, interrompendo a prestação de alguns serviços. Mudanças no Orçamento 2021 Relator do Orçamento, o senador Márcio Bittar fez ainda alterações na destinação dos recursos, o que aumentou a insuficiência de recursos para gastos obrigatórios. Após negociações políticas, o senador decidiu cortar R$ 26,5 bilhões da verba destinada para área social (abono salarial e seguro-desemprego), para Previdência Social (que paga aposentadoria, pensões e benefícios como auxílio doença) e subsídios para agricultura familiar. Estas despesas são consideradas obrigatórias. Legenda: A Comissão Mista de Orçamento foi instalada apenas em fevereiro de 2021, após disputas políticas pela presidência do colegiadoFoto: Câmara dos Deputados O principal corte foi nos recursos destinados à Previdência, em um valor de R$ 13,6 bi. Também foram retirados R$ 2,6 bi do seguro-desemprego. O restante do recurso veio do corte na verba do abono salarial de R$ 7,4 bilhões. Esse valor não será necessário, pois o Conselho Deliberativo do Fundo de Amparo ao Trabalhador decidiu adiar o pagamento do abono para 2022. A tesourada permitiu que o volume de emendas parlamentares subisse de R$ 22 bilhões para R$ 48,8 bilhões. As emendas são utilizadas por deputados e senadores para destinar recursos para obras e projetos na base eleitoral. Entre os ministérios favorecidos pelos recursos estão Infraestrutura e Desenvolvimento Regional. Falhas na proposta inicial Consultoria de Orçamento e Fiscalização Financeira da Câmara concluiu que a série de problemas identificados no Orçamento foram consequência de falhas do governo e do Congresso. Legenda: Resistência do Congresso e da ala política do governo dificultam vetos desejados por Guedes: Lira é contraFoto: Luis Macedo / Câmara dos Deputados Técnicos de Orçamento da Câmara apontam que o Ministério da Economia se omitiu nas discussões e não enviou um pedido de ajuste no projeto de Orçamento em função do aumento do salário mínimo acima do esperado anteriormente. R$ 31,9 bi R$ 31,9 bi É o valor estimado pela Instituição Fiscal Independente para contingenciamento em 2021, para cumprir o teto de gastos Inicialmente previsto para R$ 1.067, o salário mínimo acabou sendo ajustado para R$ 1.100. O motivo foi a alta de 5,45% no INPC (Índice Nacional de Preços ao Consumidor), que é base para o cálculo de reajuste. Além disso, o governo não enviou pedido para que as despesas do Orçamento fossem corrigidas pela inflação registrada em 2020. Segundo a equipe econômica, a despesa prevista na proposta inicial do Orçamento sujeita ao teto de gastos já estava subestimada em R$ 17,6 bilhões. Deste valor, cerca de R$ 8,5 bi eram de gastos com a Previdência. Risco de crime de responsabilidade Legenda: O Tribunal de Contas da União tem acompanhado de perto o impasse quanto ao Orçamento de 2021Foto: Senado Federal O Tribunal de Contas da União (TCU) acompanha o impasse sobre o Orçamento de perto. Técnicos do órgão defendem que seja feita uma análise do texto aprovado pelo Congresso. O órgão de controle deve fazer um levantamento dos problemas que levaram ao imbróglio e cobrar informações da Casa Civil ou do Ministério da Economia. O documento está vinculado a um processo de relatoria do ministro Bruno Dantas que acompanha os efeitos da pandemia no Orçamento da União. Também houve reação de servidores do Ministério da Economia. Em nota pública assinada pela Associação Nacional dos Servidores da Carreira de Planejamento e Orçamento, funcionários criticam as mudanças feitas no Orçamento.Servidores cogitam ainda que pode ocorrer um ""apagão de canetas"", ou seja, funcionários da pasta se recusarem a assinar documentos do governo para evitar enquadramento por crime de responsabilidade fiscal. Com a pressão aumentando, Bittar se comprometeu a reduzir em R$ 10 bi as emendas parlamentares. O recurso seria utilizado ""para recomposições nas formas em que o governo federal entende adequadas"", segundo documento enviado ao Palácio do Planalto. Contudo, a medida ainda é considerada insuficiente pela equipe econômica. Paulo Guedes tenta negociar com a ala política do governo e com o Congresso para que emendas parlamentares sejam cortadas e usadas para recompor a verba para os gastos obrigatórios.";partial;3006
"Naumi Amorim quer ensino presencial da rede municipal de Caucaia em 2021 - Candidato à reeleição em Caucaia, segundo maior colégio eleitoral do Ceará, o gestor municipal prometeu, em entrevista ao PontoPoder Eleições, mais investimentos no turismo e políticas públicas de combate à insegurança - Candidato à reeleição na disputa pela Prefeitura de Caucaia, Naumi Amorim (PSD), caso seja reeleito, quer reabrir as escolas municipais para aulas presenciais já no início do ano letivo de 2021. A afirmação foi feita durante entrevista ao PontoPoder Eleições, transmitido pela TV Diário, na noite desta terça-feira (24). Ele apontou que diversos estabelecimentos comerciais voltaram a funcionar, como bares, por exemplo, e que, com o cumprimento das normas sanitárias, será possível retomar as aulas presenciais com segurança. ""Vou apoiar para que tenha aula, com equipamentos para os profissionais, como álcool em gel e máscara"", disse o candidato. Naumi também prometeu investimentos na região do Cumbuco para os próximos anos. Segundo ele, pelo projeto Sanear, haverá uma reformulação no Centro a partir de investimentos que chegarão, inclusive através de emendas de parlamentares da bancada federal cearense. O objetivo, caso seja reeleito, de acordo com o candidato, é movimentar ainda mais o turismo da região após a conclusão das obras que estão previstas. Assista, na íntegra, ao PontoPoder Eleições: Questionado sobre projetos na área de segurança pública, o prefeito do segundo maior colégio eleitoral do Ceará afirmou que conseguiu, em parceria com o governador Camilo Santana (PT), levar uma equipe do Rondas e Ações Intensivas e Ostensivas (Raio) para o município. Há expectativa de uma segunda equipe, conforme ele. Na área da segurança, Naumi prometeu contratar mais guardas municipais para a segurança do patrimônio público. Por outro lado, o candidato do PSD afirmou que investir na segurança não deve ser apenas um gesto de reforço policial, mas sim de investimentos em políticas públicas de inclusão. ""A gente não vai conseguir combater a insegurança se não investir em escolas de tempo integral, em areninhas, e Caucaia tem feito isso. São 75 areninhas (que serão feitas) só no meu governo. Hoje são 20 funcionando"", apontou. Aliança Caso seja reeleito, Naumi terá ao menos 20 dos 23 vereadores eleitos na base de apoio para o próximo mandato. Enfrentando um Legislativo mais arisco no mandato que cumpre até o fim deste ano, o gestor tentou justificar a abertura de uma Comissão Parlamentar de Inquérito (CPI) em 2019 pela Câmara Municipal. Na época, oito vereadores assinaram e a então presidente da Câmara Municipal de Caucaia, Natécia Campos, instalou CPI para investigar um decreto de ""Calamidade Administrativa"" do prefeito. Em 2019, Caucaia estava mergulhada em crise política. Para Amorim, o episódio foi uma tentativa de ""traição"" de ex-aliados. ""As pessoas que eu apoiei para a Presidência (da Câmara) estavam me traindo, tentando me derrubar, mas a política é assim mesmo"", disse. O candidato justificou afirmando que a movimentação dos parlamentares ocorreu quando ele estava em São Paulo acompanhando tratamento de doença do filho. Disputa No primeiro turno, Naumi Amorim (PSD) obteve 40,93% dos votos válidos, seguido de Vitor Valim (Pros), com 27,87%. Ambos disputam, agora, o segundo turno na eleição de Caucaia. O município vive apenas a segunda eleição com possibilidade de segundo turno, depois que ultrapassou 200 mil eleitores. Naumi, inclusive, é o primeiro prefeito eleito de Caucaia que chegou ao poder passando por dois turnos. A decisão dos eleitores ocorre no próximo domingo (29).";partial;3144
Anistia Internacional lista 32 violações de direitos humanos e retrocessos nos mil dias do governo Bolsonaro - Entre as ações, estão a condução da pandemia, os ataques à imprensa e medidas que facilitam o acesso a armas. - Anistia Internacional lista 32 violações de direitos humanos e retrocessos nos mil dias do governo Bolsonaro A Anistia Internacional listou mais de 30 violações de direitos humanos e retrocessos que ocorreram nos mil dias do governo do presidente Jair Bolsonaro. De 1° de janeiro de 2019 até o momento: mil dias de Jair Bolsonaro na presidência. O relatório da Anistia Internacional, divulgado nesta sexta-feira (24), levanta 32 ações do governo que resultaram, segundo o documento, em perdas de direitos dos brasileiros. A Anistia começa pela condução da pandemia e cita o pronunciamento que o presidente fez em março do ano passado, minimizando o risco da Covid-19. “No meu caso particular, pelo meu histórico de atleta, caso fosse contaminado pelo vírus, não precisaria me preocupar. Nada sentiria ou seria, quando muito, acometido de uma gripezinha ou resfriadinho”, disse Bolsonaro em 25 de março de 2020. O documento denuncia a ausência de políticas específicas para determinados grupos. Por exemplo, dados do Ministério da Saúde indicavam uma letalidade maior entre a população negra por causa da Covid, o aumento no número de mortes em favelas, o contágio nas prisões, entre indígenas e a falta de estrutura enfrentada pelos profissionais de saúde. O número de mortos não parava de aumentar e ministros da Saúde foram trocados por discordar do presidente em relação a medidas de isolamento social e ao uso de medicamentos sem comprovação científica, como a cloroquina. Em abril de 2020, Luiz Henrique Mandetta. O substituto, Nelson Teich, ficou apenas 29 dias no cargo. O relatório também critica a omissão de números acumulados da Covid-19 nas divulgações do Ministério da Saúde. Em junho deste ano, a Anistia Internacional apresentou uma pesquisa mostrando que 120 mil vidas poderiam ter sido poupadas no primeiro ano da pandemia. O relatório também cita os constantes ataques à imprensa por integrantes do governo federal. Segundo o documento, esses ataques aconteceram em 449 ocasiões. Intimidações, difamação, discriminação de gênero e tentativas de tirar a legitimidade da atividade jornalística. A Anistia Internacional relata distorções sobre o desmatamento e queimadas na Amazônia apresentadas em discursos do presidente na ONU. “Os incêndios acontecem praticamente nos mesmos lugares, no entorno leste da floresta, onde o caboclo e o índio queimam seus roçados em busca de sobrevivência, em áreas já desmatadas”, disse Bolsonaro em 22 de setembro de 2020. Mas imagens de satélite mostraram que grande parte dos incêndios aconteceu em área da dita pelo presidente, em novos desmatamentos. No discurso de terça-feira (21), no plenário da ONU, Bolsonaro fez alegações infundadas sobre o enfrentamento da pandemia no Brasil: “Desde o início da pandemia apoiamos a autonomia do médico na busca do tratamento precoce.” Tratamento com remédios comprovadamente ineficazes, segundo a Organização Mundial da Saúde. Em outro capítulo, a Anistia considera as medidas que facilitam o acesso a armas uma ameaça à segurança da população. Ameaças também ao Estado de Direito são citadas, como na participação do presidente nos atos antidemocráticos do 7 de Setembro. Jurema Werneck, diretora-executiva da Anistia Internacional no Brasil, diz que todos esses pontos vêm sendo denunciados desde o início do governo. “O governo não está aqui, nenhum governo está aqui para atacar os direitos humanos. O governo está aqui para governar para todo mundo. As soluções e os caminhos já estão garantidos na Constituição e nos tratados de direitos humanos”, disse. O Jornal Nacional pediu uma posição do Palácio do Planalto sobre o relatório da Anistia Internacional, mas não obteve resposta.;impartial;3387
"Romeu Zema anuncia veto a projeto contra discriminação por gênero em evento com Bolsonaro - O projeto é de autoria do deputado André Quintão (PT) e foi aprovado na Assembleia de Minas Gerais por 34 votos a 6 - Durante evento com o presidente Jair Bolsonaro (sem partido), o governador de Minas Gerais, Romeu Zema (Novo), disse que vai vetar o Projeto de Lei aprovado na Assembleia Legislativa de Minas Gerais que determina punições a empresas que praticarem atos de discriminação contra pessoas devido a “sua identidade de gênero ou sua expressão de gênero”. O anúncio foi feito nesta sexta-feira, 17, durante o lançamento do projeto Pró-Águas Urucuia, no município de Arinos, interior do Estado. “Quero lembrar aqui ao povo mineiro que a ALMG, infelizmente, aprovou um projeto que caberá a mim vetá-lo. A maioria tem acompanhado e não podemos permitir que o setor produtivo seja penalizado caso não venha a ter um banheiro para alguém cujo o sexo não está definido. Então, esse projeto será vetado”, afirmou Zema. Logo depois, o governador foi parabenizado por Bolsonaro por indicar veto à matéria. “Zema anunciou um veto a um projeto votado na sua Assembleia Legislativa. Temos que nos unir. Cada vez mais deixar o que nos separe. Não podemos aceitar a política da esquerda de nós contra eles, de homos contra heteros, de brancos contra afrodescendentes, de nordestinos contra sulistas, de homens contra mulheres, patrão contra empregado. Somos um só povo”, disse o presidente. Após o evento, Zema reforçou sua posição nas redes sociais e afirmou que ""já existem leis, federal e estadual, que preveem penalidade para discriminação contra orientação sexual"". ""Não precisamos de mais regras genéricas e sim de fazer as leis atuais funcionarem"", defendeu. O projeto de lei 2.316/2020 é de autoria do deputado André Quintão (PT) e foi aprovado em segundo turno, por 34 votos a 6, no dia 2 de setembro. Segundo André Quintão, a proposta se trata apenas de uma atualização na legislação de 2002. De acordo com ele, o texto altera as terminologias utilizadas e transforma o valor da multa de reais para Unidade Fiscal do Estado de Minas Gerais (UFEMG).";impartial;3455
"Hang financiou blogueiro acusado de fake news com ajuda de Eduardo Bolsonaro, apontam documentos - TV Globo teve acesso aos documentos com conversas entre o filho do presidente e Allan dos Santos, investigado em 2 inquéritos no STF. Segundo a CPI, políticos, empresários e sites usaram a rede conhecida como 'gabinete do ódio' para divulgar informações falsas sobre a pandemia. - Mensagens obtidas pela CPI mostram como blogueiro investigado pelo STF conseguiu financiamento de empresário Documentos obtidos pela CPI da Pandemia revelaram como o blogueiro Allan dos Santos, acusado de disseminar fake news, conseguiu financiamento de um empresário bolsonarista, Luciano Hang. Para isso, ele teve ajuda do filho do presidente, o deputado federal Eduardo Bolsonaro (PSL). A CPI apurou que políticos, empresários e sites usaram a rede de disseminação de fake news — conhecida como ""gabinete do ódio"". Para a CPI, a estrutura começou antes da Covid, mas ganhou força na distribuição de informações falsas sobre a pandemia. A TV Globo teve acesso a documentos da CPI. A comissão afirma que um filho do presidente, Eduardo Bolsonaro, trabalhou para conseguir financiadores para o grupo. Foto de arquivo de 6 de setembro de 2019 do empresário bolsonarista Luciano Hang, dono da rede de lojas Havan — Foto: DIDA SAMPAIO/ESTADÃO CONTEÚDO Um deles, uma troca de mensagens entre Eduardo Bolsonaro e o blogueiro Allan dos Santos de janeiro de 2019. Allan dos Santos é investigado em dois inquéritos no Supremo Tribunal Federal que apuram disseminação de fake news, ameaças a autoridades e financiamento de atos antidemocráticos. De acordo com a Polícia Federal, nas mensagens, Allan pede que Eduardo Bolsonaro o ponha em contato com o empresário Luciano Hang. Blogueiro Allan dos Santos é dono do canal 'Terça Livre' e foi alvo de operação da PF no inquérito das fake news — Foto: Mateus Bonomi/Agif/Estadão Conteúdo Allan escreve: ""Preciso que você me coloque em contato com o Luciano Hang"". Eduardo Bolsonaro envia o número do telefone e pergunta: ""Quer que eu fale algo a ele para te introduzir?"". Allan responde: ""É melhor"". Uma hora e meia depois, Eduardo diz: ""Mandei mensagem para o Hang: Assim que ele me responder te passo"". Allan concorda. Mais tarde Eduardo responde: ""Ele disse que você pode entrar em contato com ele. Falei que você é o nosso cara da imprensa para um projeto que desenvolvemos aqui nesta semana de aulas com o Olavo"". Olavo é Olavo de Carvalho, astrólogo e ideólogo do bolsonarismo. No dia seguinte, Allan diz a Eduardo: ""Sobre o Hang, quando ele voltar da Europa, falarei com ele"". Eduardo responde: ""Beleza. Falei no macro com o Hang"". Quatro meses depois, Allan dos Santos escreve: ""Luciano Hang tá dentro. Patrocínio para o programa"". Documentos obtidos pela CPI mostram que Hang financiou blogueiro acusado por fake news com ajuda de Eduardo Bolsonaro — Foto: Reprodução/Jornal Nacional A CPI também teve acesso a uma conversa entre o blogueiro Allan dos Santos e o empresário Luciano Hang. Depois de procurado por Allan, Luciano Hang responde: ""Eduardo Bolsonaro me falou que conversou contigo"". Luciano Hang foi convocado pela CPI da Pandemia. O depoimento dele está previsto para a próxima quarta-feira (29). Para a CPI, Allan dos Santos é um dos principais disseminadores de fake news sobre a pandemia. “O que nós concluímos e identificamos na Comissão Parlamentar de Inquérito é a existência de uma verdadeira organização criminosa de fake news que teve papel determinante no agravamento da pandemia. Veja, essa organização criminosa começa a se articular e se constituir a partir de 2019, e, na pandemia, para reforçar o discurso negacionista do presidente da República e do seu governo”, disse o senador Randolfe Rodrigues (Rede-AP), vice-preisdente da CPI. A CPI investiga também Bernardo Kuster, apontado como mais um disseminador de informações falsas. Os senadores recolheram mais de cem postagens dele com mentiras sobre a pandemia. Documentos obtidos pela comissão mostram que, no dia 2 de abril do ano passado, Bernardo articulou ataques ao governador de São Paulo, João Dória. Nesse dia, Dória anunciou novas medidas de combate ao vírus. E trocou postagens com o ex-presidente Lula sobre deixar as diferenças de lado durante a pandemia. No grupo ""Direita Unida"", Bernardo manda uma mensagem: “Recebi ordens do GDO pra levantar forte a tag #doriapiorquelula. Bora lá no Twitter. Tá subindo a tag em quarto lugar”. GDO é a sigla usada para o gabinete do ódio. A PF afirma que os suspeitos de fazerem parte do gabinete passaram a usar a expressão para se referir ao grupo antes mesmo da pandemia. Em outro documento em poder da CPI, o assessor especial da presidência, Filipe Martins, também menciona o gabinete do ódio. Ele se refere a um outro assessor, Tércio Arnauld, como membro original do gabinete. “Tudo que aconteceu foi consequência da participação dessa figura macabra amoral que é esse gabinete do ódio, que não tem outro objetivo senão o objetivo de disseminar mentiras, de atacar alvos previamente selecionados e de participar dessa forma desinformando em todos os episódios marcantes na vida nacional”, disse Renan Calheiros (MDB-AL), relator da CPI. O que dizem os citados Luciano Hang afirmou que as afirmações são uma ""narrativa absurda"", que não faz parte de gabinete nenhum e que é mentira que ele tenha patrocinado veículos de internet que disseminaram desinformação. O Jornal Nacional não conseguiu contato com Eduardo Bolsonaro, Allan dos Santos, Bernardo Kuster, Filipe Martins e Tércio Arnaud.";partial;5123
"Isenção da taxa do Enem 2021 para alunos no Ceará é aprovada pela Assembleia - Projeto aprovado pelos deputados deve atender estudantes não beneficiados pelo Governo Federal - A Assembleia Legislativa aprovou, nesta quinta-feira (1º), projeto de lei do Governo do Estado que isenta a taxa do Enem 2021 para os estudantes da rede pública estadual que tiveram o benefício de não pagamento da taxa negado pelo Governo Federal. A taxa de R$ 85 será paga por meio da Secretaria de Educação do Estado. Na última sexta-feira (25), o Governo Federal divulgou resposta final aos alunos que ainda buscavam a isenção da taxa de inscrição do Enem. De acordo com o projeto de lei, a isenção será dada aos alunos que estiverem cursando ou tenham concluído há pelo menos um ano o Ensino Médio em escolas da rede pública estadual. 4 mil 4 mil estudantes que concluíram o 3º ano do Ensino Médio em 2020 e 2021 ficarão isentos da taxa do Enem. ""O momento de pandemia, que tem gerado tantas dificuldades para as famílias e toda a comunidade escolar, exige esse maior cuidado que o governador Camilo Santana tem tido com a população mais carente”, disse o líder do Governo na Assembleia, deputado Júlio César Filho (Cidadania). Energias renováveis Os deputados também aprovaram projeto de lei de autoria do deputado George Lima (PV) que institui o Programa de Atração e Apoio à Geração de Energias Renováveis do Ceará. Segundo o autor, a iniciativa busca diversificar a matriz energética, descentralizando e interiorizando o desenvolvimento socioeconômico do Estado. O Programa possui seis eixos de atuação: instrumentos regulatórios, incentivos tributários, P&amp:D, acesso à rede, desenvolvimento regional, financiamentos e geração de empregos. ""É um programa bem abrangente que dá autonomia ao Governo do Estado do Ceará para fazer parcerias, negociações, abrir caminhos e diretrizes para esses investimentos, diminuindo as desigualdades regionais"", afirmou George Lima. ""Ele vai transformar a economia do Estado do Ceará, com a atração de energias renováveis. O hidrogênio verde é um potencial para transformar o PIB, posso dizer até dobrar, em três ou cinco anos”, acrescentou.";impartial;5194
Cláusula de calamidade para possibilitar auxílio em 2021 é incluída na PEC emergencial - O parecer também prevê mecanismos para estados e municípios fazerem seus próprios ajustes fiscais e reduzir o endividamento - O senador Márcio Bittar (MDB-AC), relator da PEC emergencial, incluiu no texto uma “cláusula de calamidade”, o que possibilitaria ao governo pagar o auxílio emergencial em 2021 sem infringir as medidas de ajuste fiscal. Algo semelhante foi feito em 2020, com o Orçamento de Guerra, para auxiliar pessoas físicas e jurídicas durante a pandemia. De acordo com o exposto por Bittar em seu relatório, o texto aperfeiçoa as medidas de ajuste fiscal “tornando-as mais adaptáveis a diferentes situações.” As medidas propostas proíbem novas leis que criem cargos ou empregos públicos que impliquem aumento de despesa, bem como alteração de estrutura de carreira. A realização de concursos públicos também estaria proibida. Essas proibições seriam aplicadas automaticamente sempre que o Congresso Nacional autorizasse a União a realizar operações de crédito cujo montante excedesse as despesas. O parecer também prevê mecanismos para estados e municípios fazerem seus próprios ajustes fiscais e reduzir o endividamento. Ao mesmo tempo, a PEC permite contratações temporárias pelo poder público, a criação de cargos, o reajuste de despesas obrigatórias e a criação de renúncias fiscais sempre no contexto de enfrentamento de uma calamidade pública. “Este amplo conjunto de reformas assegurará nossa solidez fiscal, trazendo confiança aos agentes econômicos e contribuindo decisivamente para o nosso desenvolvimento. E, dessa forma, permitirá maior potência para a realização de ações de estabilização do ciclo econômico. Dentre essas, a mais relevante no momento, é sem dúvida, o retorno do auxílio emergencial”, disse Bittar em seu parecer, apresentado ontem (22). Saúde e educação Bittar também retirou de seu relatório a vinculação obrigatória de parte da receita a investimentos com saúde e educação. Atualmente, os estados são obrigados a investir 12% de seus recursos com saúde e 25% com educação. Já no Orçamento federal os índices são de 15% e 18%, respectivamente. A proposta não foi bem recebida por alguns senadores. “Temos que achar caminhos e soluções, mas não acabando com aquilo que é essencial para o Brasil, acabando com a educação. Ora, aí acabam com tudo, não há mais prioridade”, disse Flávio Arns (Podemos-PR) durante reunião de instalação da Comissão de Assuntos Sociais (CAS). “Agora querem acabar com o Fundeb, que é uma subvinculação da vinculação da educação”, acusou o senador. “Isso leva todo o Senado a uma reflexão para que possamos encontrar caminhos, mas nós não podemos sacrificar a saúde, principalmente neste momento que o país está enfrentando, e a educação, que é o futuro deste País”, acrescentou Sérgio Petecão (PSD-AC), presidente da CAS eleito hoje (23). O relatório de Bittar deverá ser votado na próxima quinta-feira (25) no plenário do Senado. Nem todos os senadores concordam com a votação ainda esta semana. “A ajuda emergencial é algo urgente, mas precisamos fazer com a segurança jurídica necessária”, disse Eduardo Braga (MDB-AM) na sessão de hoje, pedindo mais tempo para negociar o texto para uma votação na próxima semana.;impartial;5307
Procurador-geral inclui nome de Jurandir Santiago em denúncia do escândalo dos banheiros - A peça elaborada pelo Ministério Público com a inclusão do nome de Santiago deverá ser protocolada no início da manhã desta quarta-feira, 20 - O procurador-geral de Justiça do Estado do Ceará, Ricardo Machado, decidiu, no início da noite desta terça-feira, 19, pela inclusão do nome do atual presidente do Banco do Nordeste (BNB) Jurandir Vieira Santiago no rol dos denunciados no chamado “escândalo dos banheiros”. Machado foi notificado às 11 horas desta terça-feira da decisão do desembargador Francisco Darival Beserra Pinto sobre o processo relativo ao caso dos “kits sanitários” do município do Ipu, 294 km de Fortaleza. Desde segunda-feira, 18, segundo a assessoria de imprensa do Ministério Público, os órgãos responsáveis pelo caso estão analisando, também, provas complementares (Relatório de Inspeção) remetidas pelo Tribunal de Contas do Ceará (TCE). Leia também:Prefeito de Ipu está foragido após operação do Ministério PúblicoMinistério Público age na cidade do Ipu e prende gestoresPresidente do BNB diz que não foi citado, nem tem conhecimento da decisão sobre escândalo dos banheiros A peça elaborada pelo Ministério Público com a inclusão do nome de Santiago deverá ser protocolada no início da manhã desta quarta-feira, 20. Ranne AlmeidaRepórter do O POVO;impartial;5452
"Decreto de calamidade pública no Ceará é prorrogado pela Assembleia até dezembro de 2021 - Até o final deste ano, o Ceará é dispensado de atingir os resultados fiscais para investir no combate à pandemia de Covid-19 - A Assembleia Legislativa do Ceará (AL-CE) aprovou nesta quinta-feira (1º) a prorrogação do decreto estadual de calamidade pública em decorrência da pandemia de Covid-19 até 31 de dezembro deste ano. Como justificativa, a Mesa Diretora, autora da proposta, a pedido do Governo do Estado, afirma que a vacinação no Ceará e as medidas de isolamento têm promovido uma melhora nos números da pandemia, mas pondera que ainda há cuidados a serem tomados. Leia também ""Não se pode desconsiderar o fato de que o risco da Covid-19 ainda é real, os números podem voltar subir caso se arrefeça o controle em relação ao monitoramento contínuo da doença. Não há como dizer, então, que já superamos a pandemia, o que acaba tomando necessária, como forma de subsidiar as ações do Estado no combate à Covid-19, a manutenção do estado de calamidade pública no Estado do Ceará"", explica o documento. Com a prorrogação, algumas atribuições ficais do Governo do Estado serão abrandadas, ou seja, até 31 de dezembro de 2021, o Ceará é dispensado de atingir os resultados fiscais e a limitação de empenho prevista na Lei Complementar Federal nº 101/2000. Em fevereiro deste ano, a Assembleia prorrogou o decreto até junho com uma emenda do deputado Renato Roseno (Psol).";impartial;5545
"Girão revela que diretor da Precisa viajou a Las Vegas na mesma época que Flávio Bolsonaro - A ação acabou sendo uma das maiores revelações do dia, já que Danilo dizia, até o momento, apenas conhecer Flávio Bolsonaro, mas não ter relações profissionais ou de amizade com o senador. - O senador Eduardo Girão revelou, durante sessão da CPI da Covid nesta quinta-feira, 23, que o senador Flávio Bolsonaro (Patriotas-RJ) solicitou uma viagem para Las Vegas, nos Estados Unidos, na mesma época que diretor da Precisa Medicamentos, Danilo Trento, depoente da comissão nesta quinta, também estava em território norte-americano. O objetivo seria para tratar de um lobby de jogatina. Anteriormente, Danilo Trento se negou a dizer se viajou para Las Vegas com senadores, ou se aconteceu algum encontro entre ele e parlamentares. Segundo Girão, além dos parlamentares, o ministro do Turismo, Gilson Machado, na época presidente da Agência Brasileira de Promoção Internacional do Turismo (Embratur), também compareceu ao local. Em seguida, Girão apresentou um documento sobre a viagem. ""Viagem autorizada em 17 de dezembro de 2019, requerida pelo senador Flávio Bolsonaro"", revela o texto. Quando interrogado por Girão sobre a data exata que esteve em Las Vegas, o empresário exerceu o direito de silêncio. A ação acabou sendo uma das maiores revelações do dia, já que Danilo dizia até o momento apenas conhecer Flávio Bolsonaro, mas não ter relações profissionais ou de amizade com o senador. ""Isso leva à dedução dos membros desta Comissão Parlamentar de Inquérito que esta viagem teve indícios de crime, ou foi criminosa"", respondeu o vice-presidente da CPI, Randolfe Rodrigues (Rede-AP). Sobre o assuntoCPI da Covid quebra sigilos de diretor da Precisa e de seu irmão Gustavo Renan Calheiros e Jorginho Mello trocam xingamentos na CPI da Covid: veja vídeo Diretor da Precisa não explica à CPI as atividades da própria empresa CPI aponta fluxograma e vincula atuação da Precisa a senador Flávio Bolsonaro Diretor da Precisa diz não ter participado de negociação da Covaxin Viagens de Trento e Flávio Bolsonaro a Las Vegas reforçam suspeitas da CPI Nesta quinta, a CPI da Covid ouviu Danilo para tentar esclarecer sobre seu envolvimento com Francisco Maximiano, dono da Precisa Medicamentos e a Global Gestão em Saúde, envolvidas na negociação de venda da vacina Covaxin ao Ministério da Saúde. A Precisa Medicamentos é investiga por fechar um contrato com o Ministério da Saúde para venda de 20 milhões de doses da vacina indiana Covaxin, do laboratório Bharat Biotech, por R$ 1,6 bilhão. Documentos recebidos pelos senadores revelaram que o valor de US$ 15 por dose, negociado pela Precisa para a compra do imunizante, era 1.000% superior ao estimado pela farmacêutica em agosto de 2020. A empresa indiana cancelou acordo com a Precisa no decorrer das apurações da CPI, após irregularidades apontadas pelos pelo deputado federal Luís Miranda (DEM-DF) e seu irmão Luís Ricardo, que é funcionário do Ministério da Saúde. Com isso, o pagamento não chegou a ser efetivado pelo governo. Segundo Randolfe, Danilo Trento é sócio da empresa Primarcial Holding e Participações, com sede em São Paulo e no mesmo endereço da empresa Primares Holding e Participações, cujo sócio é Francisco Maximiano. Indícios apontar que Danilo e Maximiano viajaram juntos à Índia para as negociações em torno dos testes de covid e da vacina Covaxin. Trento compareceu à comissão protegido por um habeas corpus concedido pelo ministro do Supremo Tribunal Federal Luis Roberto Barroso e evitou se manifestar, o que irritou os senadores.";impartial;6298
"Desafios da gestão pública no pós-pandemia são o foco do Seminário de Gestores Públicos 2021 - Com promoção do Diário do Nordeste, evento terá programação virtual nos dias 20 e 21 de julho: inscrições são gratuitas - A crise causada pela pandemia de Covid-19 exigiu, dos gestores públicos, respostas imediatas aos problemas gerados não só na Saúde, mas também nos campos econômico e social. A expectativa pela retomada da normalidade, a partir do avanço da vacinação e diminuição de casos, carrega outros desafios: lidar com os problemas gerados neste período e, ao mesmo tempo, garantir o desenvolvimento dos entes federados. Leia Mais É esta a avaliação que fazem alguns dos convidados para o 9º Seminário de Gestores Públicos - Prefeitos Ceará 2021, que, nos próximos dias 20 e 21 de julho, debaterá diferentes aspectos da gestão pública a partir do tema central ""Gestão e desenvolvimento em novos tempos"". O Seminário é uma realização do Instituto Future e da Associação dos Municípios do Estado do Ceará (Aprece). A promoção é do Diário do Nordeste.A discussão - aberta a prefeitos, vereadores, servidores e população em geral - irá refletir as lições deixadas pela pandemia de Covid-19 e as possibilidades para a administração pública. A expectativa de crescimento da arrecadação e de uma melhora da situação econômica dos municípios vem acompanhada do fim da vigência de medidas emergenciais - como o estado de calamidade pública -, o que deverá exigir maior responsabilidade das gestões com a máquina pública. ""O comportamento da economia, da arrecadação pública, tem nos dado uma esperança de que, com o cenário de redução do panorama sanitário, vamos sair com muitas expectativas positivas para 2022. Estamos saindo do momento mais crítico, mas vem um momento de mais responsabilidade"", indica o sócio-diretor da Civitas Assessoria e Consultoria e consultor econômico da Aprece, André Carvalho. Trata-se de um cenário, segundo ele, que impõe duplo desafio para os prefeitos - que estão no primeiro ano de mandato. Carvalho destaca, portanto, a necessidade de se discutir diferentes aspectos da administração pública, principalmente para quem iniciou neste ano experiência de gestão nos executivos municipais. ""São discussões fundamentais para a retomada de decisões e para a manutenção de um serviço público de qualidade"", afirma. Desafios para administração pública O consultor econômico da Aprece aponta ainda que, para os gestores que começaram o mandato em 2021, o próximo ano deve trazer também desafios similares aos enfrentados no início das atuais gestões.""Eles assumiram em um contexto em que, por enquanto, a preocupação é mitigar os impactos sanitários e financeiros da Covid. Mas, com a volta da normalidade, se inicia uma gestão finalística, (na qual) vai se pensar em aspectos como a Educação e Saúde (..) de maneira mais livre, sem o problema mais forte da Covid"". André Carvalho Consultor econômico da Aprece André Carvalho Consultor econômico da Aprece André Carvalho Consultor econômico da Aprece O caráter finalístico nas administrações municipais, contudo, será possível apenas com o controle da pandemia no País, acrescenta Carvalho. A secretária da Fazenda do Ceará, Fernanda Pacobahyba, que também participará do Seminário, aponta a ""urgência"" trazida pela crise sanitária para a resolução de problemas pelo poder público. Enfrentar o momento pós-pandemia deve associar tal aprendizado a uma visão estratégica, considera. ""Os principais desafios desse gestor público é conseguir acompanhar a velocidade das transformações e ter visão estratégica, ter visão de futuro. Conseguir conciliar o conhecimento pragmático, aquilo que está estruturado, com o caráter até intuitivo do que está por vir"", afirma. Impacto das reformas Reformas como a tributária e a administrativa são consideradas fundamentais no processo de retomada econômica para os entes federados no País. A titular da Sefaz sustenta ser necessária uma discussão ampla sobre a tributação brasileira. ""Nós precisamos parar e rediscutir federalismo fiscal brasileiro. Na verdade, rediscutir o Pacto Federativo brasileiro, porque o sistema hoje tem gerado diversas diversas deformidades que colocam o Brasil numa posição muito desvantajosa internacionalmente"", argumenta. Mudanças no sistema tributário, segundo ela, poderiam beneficiar municípios que sofrem pela insuficiência de recursos.""A imensa maioria deles, muitas das vezes, não exerce a sua competência tributária por falta de condições, por falta de arrecadação. Essa reforma tributária viria no sentido de automatização muito forte, que seria benéfico para os municípios"". Fernanda Pacobahyba Secretária da Fazenda Fernanda Pacobahyba Secretária da Fazenda Fernanda Pacobahyba Secretária da Fazenda Já o investimento em eficiência no setor público, com uma reforma administrativa, também pode beneficiar o funcionamento do poder público nas cidades, além de oferecer ""transparência do serviço que é ofertado por cada um dos servidores"", enumera a secretária. Discussão entre gestores públicos Coordenador Geral do Instituto Plácido Castelo (IPC), vinculado ao Tribunal de Contas do Estado (TCE), e coordenador técnico do Seminário, Juraci Muniz ressalta, diante da urgência desses temas, que o evento é uma oportunidade de dividir experiências entre gestores públicos, além de apresentar soluções que podem ser adotadas neste novo momento. Para ele, o intercâmbio de conhecimentos é essencial para identificar as melhores respostas para o pós pandemia. ""É crucial somar forças com as gestões públicas para disseminar ideias e possibilitar o enfrentamento ainda melhor deste novo momento"", avalia. Convidado para a palestra magna do evento, o governador Camilo Santana (PT) reforça a relevância de discussões sobre os desafios das gestões durante a crise gerada pela Covid-19.""Assim como os governos Estadual e Federal, os prefeitos têm um papel muito importante em garantir a saúde e cuidar das pessoas. O evento cumpre esse papel de apontar os caminhos e saídas para o enfrentamento das adversidades, com o objetivo de melhorar a qualidade de vida dos cearenses"". Camilo Santana Governador do Ceará Camilo Santana Governador do Ceará Camilo Santana Governador do Ceará Legenda: Governador também ministrou palestra na edição de 2020 do SeminárioFoto: Arquivo/Reprodução Entre os temas a serem discutidos no Seminário, Juraci Muniz destaca questões como o desenvolvimento de distritos e condomínios industriais: o desenvolvimento de cidades inteligentes: a experiência de retomada do turismo nos municípios cearenses: e as respostas necessárias para o desenvolvimento social nas cidades. O evento ocorre nos dias 20 e 21 de julho, de maneira virtual, e está com inscrições abertas. Além da participação por meio de chat, o público do Seminário também poderá fazer parte da audiência virtual dos painéis, interagindo com mediadores e palestrantes. ""É interessante para o gestor, para a população, para o vereador, para o prefeito estar conectado com tantos temas importantes e tantos mediadores conhecedores desses assuntos"", completa Juraci Muniz. Serviço: Seminário de Gestores Públicos - Prefeitos Ceará 2021 Dias: 20 e 21 de julho Inscrições gratuitas: www.seminarioprefeitosce.com.br";impartial;6335
Programa que garante acesso à Internet exige que usuário assista propaganda do governo Bolsonaro - Na prática, é necessário assistir a propaganda todas as vezes que a pessoa se conectar: o WhatsApp é o único aplicativo onde não há exigência de publicidade - O programa Conecta Brasil, que distribui Internet gratuita pelo País, está exigindo que os usuários assistam 30 segundos de publicidade do governo federal antes de se conectarem à rede. A peça publicitária é uma imposição aos beneficiários do projeto Wi-fi Brasil que dá acesso à Internet a pelo menos 26 milhões de pessoas e garante conectividade em escolas. A informação é do jornal o Estado de S.Paulo. Na prática, é necessário assistir a propaganda todas as vezes que a pessoa se conectar. Se o usuário acessar o serviço várias vezes em um mesmo dia, ela será obrigada a ver a propaganda todas as vezes. Caso o usuário se desconecte por algum motivo, como oscilação no sinal Wi-fi, é preciso assistir de novo caso queira se reconectar. De acordo com o Ministério das Comunicações, o custo do programa Conecta Brasil será de R$ 2,7 bilhões, dos quais R$ 2,46 bilhões serão direcionados ao Norte e Nordeste, regiões onde o acesso à Internet é mais restrito. Além disso, o Nordeste foi o principal reduto eleitoral do ex-presidente Luiz Inácio Lula da Silva (PT), e o Norte foi onde Bolsonaro venceu o ex-candidato do PT em 2018, Fernando Haddad, com pouca margem de votos. Ainda segundo a reportagem do Estadão, o WhatsApp é o único aplicativo em que não há exigência de publicidade do governo federal. O aplicativo tem forte presença de grupos bolsonaristas e tornou-se uma das principais plataformas de articulação de apoiadores do presidente.;partial;6802
Saiba quem é Marcelo Queiroga, o quarto ministro da Saúde escolhido pelo presidente Jair Bolsonaro - O novo chefe do Ministério da Saúde preside a Sociedade Brasileira de Cardiologia e é o quarto ministro da Saúde desde o começo da pandemia - O presidente Jair Bolsonaro (sem partido) indicou novo ministro da Saúde, Marcelo Queiroga, em substituição ao ex-titular da Pasta, Eduardo Pazuello. Queiroga é o quarto ministro da Saúde desde o começo da pandemia da Covid-19. Quem é o novo ministro? Natural de João Pessoa, Marcelo Queiroga é formado em Medicina pela Universidade Federal da Paraíba (UFPB), fez residência em cardiologia no Hospital Adventista Silvestre, no Rio de Janeiro. Tem especialização em cardiologia, com área de atuação em hemodinâmica e cardiologia intervencionista, e preside a Sociedade Brasileira de Cardiologia. Veja o que o presidente falou sobre a escolha: Atuação na pandemia Marcelo Queiroga é defensor da vacinação em massa contra a Covid-19. Em um vídeo na página da Sociedade Brasileira de Cardiologia, o novo ministro ressaltou a importância da imunização. Em maio, a Sociedade Brasileira de Cardiologia, comandada por Queiroga, recomendou que a cloroquina, a hidroxicloroquina e a azitromicina não fossem usadas contra a Covid-19. Esses medicamentos são defendidos por Bolsonaro como tratamento precoce contra o novo coronavírus. Leia mais Depois da repercussão, a entidade divulgou uma nova nota, em parceria com o Ministério da Saúde, em que abria o possibilidade de pacientes receberem cloroquina e hidricloroquina após assinatura de termo de consentimento. Amigo da família Bolsonaro O novo ministro é amigo pessoal da família Bolsonaro, principalmente do senador Flávio Bolsonaro (Republicanos-RJ), um dos filhos do presidente. Em 2018, Queiroga participou da equipe de transição de Governo. Em dezembro do ano passado, Queiroga foi indicado por Bolsonaro para ser um dos diretores da Agência Nacional de Saúde Suplementar (ANS). A indicação ainda não foi votada pelo Senado Federal.;impartial;7035
Lula tem 49%, Bolsonaro, 23%, Ciro, 7%, Doria, 5% e Mandetta, 3% no 1º turno, aponta pesquisa Ipec - Levantamento do Ipec levou em consideração 5 pré-candidatos e ouviu 2.002 pessoas em 141 municípios entre 17 e 21 de junho - Veja como ficou o cenário projetado Lula lidera no Nordeste, e Bolsonaro tem maior eleitorado no Sul Como o atual governo foi avaliado Reprovação do governo A pesquisa também sondou quais candidatos os eleitores votariam com certeza ou de jeito nenhum. Veja: Lula;partial;7292
"Câmara aprova orçamento de R$ 9,1 bilhões para Prefeitura de Fortaleza em 2021 - Os maiores gastos devem ser com a Saúde, R$ 2,7 bilhões: Educação, R$ 1,9 bilhões: Previdência Social, R$ 1 bilhão: Administração Pública, R$ 815 milhões: e Urbanismo, R$ 802 milhões. - A Câmara Municipal de Fortaleza aprovou, nesta quarta-feira (16), o projeto de Lei Orçamentária Anual (LOA) de 2021 para a Prefeitura de Fortaleza. A medida fixa as receitas e despesas da Capital em R$ 9,1 bilhões, com base em uma estimativa de arrecadação no ano. Os maiores gastos devem ser com a Saúde, R$ 2,7 bilhões: Educação, R$ 1,9 bilhão: Previdência Social, R$ 1 bilhão: Administração Pública, R$ 815 milhões: e Urbanismo, R$ 802 milhões. Ao todo, a LOA de 2021 recebeu 470 emendas na Comissão de Orçamento, das quais 412 foram aprovadas. De acordo com o relator da matéria, vereador Renan Colares (PDT), a maioria das emendas faziam apenas correções no texto e buscava alocar investimentos para bases eleitorais de vereadores. ""A maioria das emendas eram os parlamentares destinando algo para sua base, de infraestrutura, urbanismo, mobilidade"", reforça o relator da matéria na Casa. A LOA de 2021 da Prefeitura de Fortaleza foi aprovada em primeiro e segundo turno nesta quarta. A matéria deve ser votada em redação final na sessão de quinta (17). Maiores despesas por área - Saúde: R$ 2,7 bilhões (29,70%) - Educação: R$ 1,9 bilhão (21,22%) - Previdência Social: R$ 1 bilhão (11,72%) - Administração: R$ 815 milhões (9,05%) - Urbanismo: R$ 802 milhões (8,82%) Menores despesas - Comunicações: R$ 11 milhões (0,12%) - Ciência e Tecnologia: R$ 10 milhões (0,11%) - Trabalho: R$ 8,3 milhões (0,09%) - Essencial à Justiça: R$ 834 mil (0,01%) - Agricultura: R$ 216 mil (0,002%)";impartial;7497
"Vice-presidente da Câmara diz que vai analisar cópia de pedidos de impeachment contra Bolsonaro - Segundo no comando da Casa, Marcelo Ramos só pode iniciar um processo de afastamento em situações específicas - Após uma briga pública com o presidente Jair Bolsonaro (sem partido) sobre a aprovação do fundo eleitoral de R$ 5,7 bilhões, o vice-presidente da Câmara dos Deputados, Marcelo Ramos (PL-AM), solicitou, nesta segunda-feira (19), cópia das dezenas de pedidos de impeachment protocolados pela Casa para fazer uma análise.Antes de ser atacado por Bolsonaro no domingo (18) e na segunda-feira, o parlamentar se posicionava de forma neutra em relação ao governo, mas agora se transformou em oposição declarada contra o presidente.""Vou analisar se tem fundamento jurídico e, se um dia eu estiver no exercício da presidência, em existindo fundamento jurídico, eu avaliarei se, politicamente, cabe decidir sobre isso no exercício provisório da presidência"" Marcelo Ramos vice-presidente da Câmara dos Deputados Marcelo Ramos vice-presidente da Câmara dos Deputados Marcelo Ramos vice-presidente da Câmara dos Deputados Somente o presidente da Câmara, Arthur Lira (PP-AL), pode dar início a um processo de impeachment. No entanto, nem ele e nem o antecessor dele no cargo, Rodrigo Maia (DEM-RJ), analisaram o mérito de nenhum dos pedidos até agora. Até a semana passada, eram 130 solicitações de afastamento de Bolsonaro do cargo recebidos pela Secretaria-Geral da Mesa da Câmara desde o começo do mandato do político, em janeiro de 2019. Alguns foram descartados por problemas técnicos, mas a maioria estava ""em análise"", isto é, aguardando despacho da presidência da Casa. No fim do mês passado, partidos e representantes da sociedade civil entregaram um ""superpedido de impeachment"", reunindo mais de 100 acusações de crimes de responsabilidade. Apesar da insistência e da pilha de pedidos que acumula na sua frente, Lira tem repetido, em diversas ocasiões, que não enxerga materialidade ou novidade para abrir um processo contra o presidente.Ramos pode aprovar pedido de impeachment? Segundo técnicos ouvidos pela agência Estadão Conteúdo, o vice-presidente só pode iniciar um processo de afastamento de Bolsonaro se estiver no comando da Câmara por situações específicas. Um desses casos, por exemplo, pode se configurar caso de Lira esteja em viagem no Exterior ou tenha assumido a Presidência da República temporariamente, na ausência de Bolsonaro. O vice também pode assumir se Lira vier a ser afastado por algum problema de saúde.“Se eu estiver no exercício e o presidente Lira estiver viajando, por exemplo, eu posso (dar prosseguimento). Mas, claro, eu não sou irresponsável. Preciso fazer uma análise política se cabe a quem está no cargo provisoriamente dar o prosseguimento"" Marcelo Ramos vice-presidente da Câmara dos Deputados ao O Globo Marcelo Ramos vice-presidente da Câmara dos Deputados ao O Globo Marcelo Ramos vice-presidente da Câmara dos Deputados ao O Globo Ataques ao vice-presidente Nesta segunda-feira, Bolsonaro atacou Marcelo Ramos e acusou o parlamentar de não ter pautado um pedido específico (destaque) incluído na semana passada na votação da Lei de Diretrizes Orçamentárias, que acabou por autorizar o uso de R$ 5,7 bilhões de dinheiro público para bancar campanhas eleitorais no ano que vem. Segundo o gestor federal, o parlamentar é ""insignificante"" e atropelou o Regimento Interno da Câmara para não permitir que votassem em separado o dispositivo sobre aumentar o fundão eleitoral. ""Agora cai para mim [sic] sancionar ou vetar. Tenho 15 dias úteis para decidir"", completou o presidente. No entanto, o vice-presidente pautou, sim, o destaque apresentado pelo Novo, porém, só teve o apoio de quatro partidos durante a sua votação específica, a qual não foi nominal, diferentemente da votação da LDO, que teve voto aberto por cada parlamentar. Entre os principais partidos beneficiados pelo fundão turbinado, estão o PSL, ex-partido de Bolsonaro, e o PT. Apesar de beneficiado, o PSL se manifestou contra a proposta após a aprovação do texto. A proposta, entretanto, foi aprovada em votação simbólica sem objeção dos parlamentares do partido.";impartial;7688
"Com articulação de cearenses, Câmara dos Deputados discute suspensão de pagamentos do Fies em 2021 - Medida já foi aprovada no ano passado.: agora, projetos em tramitação tentam estender o benefício - Tramitam na Câmara dos Deputados pelo menos 13 projetos que propõem a prorrogação das suspensões de pagamento das obrigações relativas ao Fundo de Financiamento Estudantil (Fies). Em duas frentes, há parlamentares do Ceará envolvidos na pauta, que busca aliviar impactos financeiros provocados pela pandemia da Covid-19. Doze propostas de autoria de deputados federais foram apensadas ao Projeto de Lei 1.133/2021, do Senado Federal, e tramitam na Comissão de Educação da Câmara como um só projeto. O relator é o cearense Moses Rodrigues (MDB). De autoria do senador Jayme Campos (DEM-MT), o PL 1.133 propõe a prorrogação, por mais um ano, entre os dias 1º de janeiro e 31 de dezembro de 2021, da suspensão do pagamento das parcelas do Fies, algo que já aconteceu no ano passado e beneficiou cerca de 1,5 milhão de estudantes durante a pandemia. O projeto oriundo do Senado, no entanto, não prevê outros benefícios garantidos na Lei 14.024/2020, aprovada no ano passado, como a redução em até 100% dos juros cobrados nas parcelas. Na Câmara Federal, os deputados tentam incrementar a proposta, com projetos que buscam a inclusão de pontos que ampliariam as vantagens para os usuários do programa, assim como o número de beneficiários. Comissão de Educação Na quarta-feira (2), estava prevista a votação do PL pela Comissão de Educação, mas os deputados Tiago Mitraud (Novo-MG) Professora Rosa Neide (PT-MT) pediram vista, e a matéria deverá voltar à pauta na próxima semana. Se aprovado na Comissão, o PL segue para o plenário. O relator votou pela aprovação do texto do Senado e contra os demais projetos apensados. “O mérito educacional da nova suspensão que se pretende implementar é inegável, considerando a crise sanitária e suas repercussões nos diversos âmbitos, em especial nos primeiros meses de 2021"", disse o cearense em seu voto. Ele fez, contudo, uma ponderação:""Concordamos com as proposições em seu espírito, mas buscamos o texto de maior consenso, de modo que privilegiaremos a proposição oriunda do Senado Federal”. Moses Rodrigues Deputado federal (MDB) Moses Rodrigues Deputado federal (MDB) Moses Rodrigues Deputado federal (MDB) Projetos apensados Os demais projetos apensados, de autoria dos deputados federais, trazem, por exemplo, medidas de suspensão do pagamento das parcelas de amortização, juros e outros encargos do Fies, em condições que variam de uma proposta para outra, por até quatro, seis ou oito meses, seja desde a entrada em vigor da lei até o fim de 2021 ou durante todo esse ano, com mudanças também em relação à fórmula de pagamento das parcelas após o fim da suspensão. Há, ainda, uma proposta que tenta manter a suspensão até que pelo menos 70% da população estimada do Brasil esteja vacinada. Com o voto contrário do relator, porém, a probabilidade de avanço das matérias complementares se mostra pouco provável. Eventuais mudanças em relação ao projeto que veio do Senado fariam o texto retornar à Câmara Alta. Legenda: Governo já sinalizou que estuda o refinanciamento de dívidas de estudantesFoto: Agência Brasil Uma das matérias, o PL 50/2021, do deputado cearense Denis Bezerra (PSB), com coautoria de Israel Batista (PV-DF), considera beneficiários da suspensão estudantes adimplentes ou cujos atrasos sejam de no máximo 180 dias. A proposta também inclui redução da dívida para médicos e profissionais da saúde que trabalharem no SUS até 31 de dezembro deste ano, além dos médicos militares e do Programa Saúde da Família, já previstos na Lei. A proposta estabelece que a União entregue ao agente operador do Fies R$ 7,1 bilhões para a execução dos benefícios. “O nosso projeto é um pouco mais amplo do que esse texto que foi aprovado no Senado. Ele traz todos os benefícios contemplados no ano passado com a aprovação da Lei 14.024”, defende Denis Bezerra. Na terça-feira (1º), o ministro da Economia, Paulo Guedes, sinalizou que o Governo estuda o refinanciamento das dívidas dos estudantes do Fies e afirmou, ainda, que a área econômica deve autorizar, nesta semana, o desbloqueio de R$ 1 bilhão para o Ministério da Educação, um dos mais afetados pelo atual bloqueio orçamentário promovido pela União.";partial;8553
Em nova pesquisa eleitoral do Ipec, Lula mantém liderança com 48% dos votos contra 23% de Bolsonaro - O ex-ministro Ciro Gomes (PDT) aparece com 8%, à frente do governador de São Paulo, João Doria (PSDB), que tem 3% e está empatado com Mandetta (DEM), também com 3% - O ex-presidente Luiz Inácio Lula da Silva (PT) aparece mais de 20 pontos porcentuais à frente do presidente Jair Bolsonaro (sem partido) em pesquisa sobre as eleições presidenciais de 2022. Os números foram divulgados nessa quarta-feira (22) pelo instituto Ipec. Nas duas simulações pesquisadas, Lula supera todos os outros virtuais candidatos a presidente da República somados, o que o levaria a vencer já no primeiro turno. Números: No segundo cenário, Lula tem 45% e Bolsonaro 22%. Nesta sondagem, Ciro aparece com 6%, um ponto porcentual à frente do ex-ministro da Justiça e Segurança Pública Sérgio Moro (sem partido), que tem 5%. O jornalista José Luiz Datena (PSL) vem em seguida, com 3%, e Doria aparece com 2%. Mandetta e o presidente do Senado, Rodrigo Pacheco (DEM-MG), estão empatados com 1%. Os senadores Alessandro Vieira (Cidadania-SE) e Simone Tebet (MDB-MS) não pontuaram. Votos em branco e nulos somam 9% e não sabem ou não responderam 5% dos entrevistados. Neste cenário, Lula aparece no limite da margem de erro para vencer em primeiro turno se as eleições fossem hoje.A pesquisa do Ipec foi realizada de 16 a 20 de setembro e ouviu 2.002 pessoas em 141 municípios. A margem de erro é de 2 pontos para mais e para menos. O nível de confiança é de 95%.;impartial;9110
Com licenças de titulares, bancada federal cearense tem terceira troca em 2021 - Na coligação do PDT, aliada ao Governo do Estado, o último a assumir foi Totonho Lopes - Com acordos políticos para dar lugar a suplentes, a bancada federal cearense já soma três mudanças de cadeiras neste ano. A troca mais recente ocorreu com a licença de Robério Monteiro (PDT). O terceiro suplente de coligação pedetista, Totonho Lopes (PDT), assumiu a vaga para exercer pela primeira vez um mandato na Câmara dos Deputados. Natural de Ubajara e com atuação na Região da Ibiapaba, Totonho Lopes obteve 67.763 votos válidos no pleito de 2018 em sua primeira eleição disputada, conforme dados do Tribunal Superior Eleitoral (TSE). Robério Monteiro se afastou do mandato para assumir o cargo de Assessor para Assuntos Federativos no Governo do Estado. Na posse do suplente, algumas alianças políticas ficaram evidentes, com a presença da deputada estadual Augusta Brito e de seu esposo, Gadyel Gonçalves (PCdoB), que também é ex-prefeito de São Benedito, do atual gestor da cidade, Saul Maciel (PDT), e do atual prefeito de Ubajara, Renê Vasconcelos (PDT). Um dia após tomar posse, no último dia 5 de maio, Totonho Lopes visitou ministérios em Brasília. Empresário, ele declarou mais de R$ 1 milhão em bens à Justiça Eleitoral no pleito de 2018. Troca de cadeiras Em abril último, o deputado federal Denis Bezerra (PSB) saiu de licença por 120 dias para dar lugar ao colega de partido Odorico Monteiro (PSB) , que assumiu a vaga. Monteiro recebeu 77.308 votos na urna e era o segundo suplente da coligação. Com a licença de Mauro Filho (PDT) para voltar a chefia da Secretaria de Planejamento e Gestão do Estado (Seplag) no início do ano, Aníbal Gomes também assumiu como suplente a titularidade do mandato de deputado federal em 6 de janeiro. Em 24 de fevereiro afastou-se do cargo porque Mauro Filho reassumiu a cadeira, voltando a tirar licença novamente no dia 3 de março deste ano. Desde então, Aníbal Gomes voltou ao cargo. Além dessas trocas temporárias, em dezembro de 2020, com a renúncia de Roberto Pessoa (PSDB) para assumir a Prefeitura de Maracanaú, Danilo Forte (PSDB) foi efetivado no cargo de deputado federal.;partial;9154
"Cícero Lucena diz que vai dialogar com escolas para preparar calendário letivo de 2021 - Prefeito eleito diz que vai priorizar as áreas da saúde e educação nos primeiros 100 dias de mandato em 2021 - Prefeito eleito Cícero Lucena em entrevista à TV Cabo Branco — Foto: João Henrique/TV Cabo Branco O prefeito eleito de João Pessoa, Cícero Lucena, declarou nesta terça-feira (1º), em entrevista à TV Cabo Branco, que vai priorizar as áreas da saúde e educação nos primeiros 100 dias de mandato em 2021. De acordo com Cícero, ainda em 2020 vai se iniciar a discussão com os setores das educações pública e particular para traçar o calendário letivo de 2021. ""Educação é prioridade e como prioridade temos que agir e tomar as medidas necessárias sempre com diálogo"", ressaltou Cícero Lucena. Conforme o prefeito eleito, na área da saúde, é preciso compreender que há medidas necessárias que vão além da pandemia do novo coronavírus. ""A questão da pandemia, que é algo que precisamos estar atento, vigilante 24h, mas compreendendo também que a gente temos que tomar as medidas necessárias na área de saúde, porque temos uma população muito grande que precisa de atendimento que não é da pandemia, e que não pode deixar de dar o atendimento. Precisamos avançar nos projetos, como entrega do medicamento em casa, formar as equipes de forma completa"", declarou o prefeito eleito. Sobre a comissão de transição, que vai ser anunciada às 10h desta terça-feira, Cícero adiantou que é ela será composto por cinco membros e que o coordenador de campanha, José William será um dos nomeados. Ele também comentou sobre o secretariado. Não declarou nome, mas disse definir um perfil técnico ""de conhecimento, de experiência, que esteja afinado com o projeto de João Pessoa, que é o de cuidar. Queremos deixar a gestão tecnológica. Vamos também trabalhar projetos, porque temos a felicidade do orçamento federal ainda não ter sido elaborado. Então estarei indo a Brasília conversar com parlamentares da Paraíba para pensarmos em emendas de bancada, emendas parlamentares para projetos na Paraíba"", declarou. Sobre o programa Volta por Cima, Cícero Lucena também diz que vai buscar os recursos federais para colocá-lo em prática. ""No programa, estabelecemos que a pessoa terá 30 meses para pagar, com seis meses de carência. O que ofertamos pela prefeitura são os juros. O custo da prefeitura é o juros de 36 meses. Nós vamos ao Banco do Nordeste e outras entidades financeiras para que elas possam disponbilizar esse recurso ficando apenas o valor do juros com responsabilidade da prefeitura"", detalhou. Entrevista com Cícero Lucena, prefeito eleito de João Pessoa Vídeos mais assistidos do G1 Paraíba";impartial;10812
"Aécio vê vontade de mudança e diz não se importar com rival do PT - Pré-candidato à Presidência comentou pesquisa Datafolha em AL e MA.Tucano disse que é preciso ter pé no chão e que campanha trará propostas. - O pré-candidato à Presidência da República pelo PSDB, o senador Aécio Neves, comentou os números divulgados pelo Instituto Datafolha sobre a intenção de voto para as eleições deste ano. Em entrevista à imprensa, antes da sabatina promovida por entidades ligadas ao comércio e a indústria de Alagoas na manhã desta sexta-feira (9), o senador afirmou que a pesquisa ""mostra a vontade de mudança do brasileiro"". De acordo com Aécio Neves, um dos principais nomes da oposição ao atual governo, os números revelam a ""fragilidade"" do governo Dilma. ""Esse crescimento [do PSDB] mostra a fragilidade do atual governo em praticamente todas as áreas, da incapacidade que ele tem de honrar os compromissos assumidos com a sociedade brasileira"", disse. A sabatina foi promovida pela Federação das Indústrias do Estado de Alagoas (Fiea), Federação da Agricultura e Pecuária do Estado de Alagoas (Faeal), Federação do Comércio do Estado de Alagoas (Fecomércio) e Associação Comercial de Maceió (ACM) em um hotel no bairro de Jatiúca, em Maceió. Esta é a primeira de uma série de entrevistas que serão realizadas com os demais pré-candidatos à República. À tarde, Aécio seguiu para São Luís (MA), onde foi novamente questionado sobre o levantamento do Datafolha. Questionado sobre uma possível candidatura do ex-presidente Luiz Inácio Lula da Silva no lugar de Dilma, o tucano disse não se importar com o candidato do PT. ""Não importa quem seja o candidato. Esse é um problema que deixo para o PT resolver"". ""Já disse há algum tempo que pra mim não importa quem seja o candidato. Tratarei todo com enorme respeito, mas sou adversário desse modelo que está aí, de ineficiência, do aparelhamento absurdo da máquina pública, da ausência de resultados da fragilização da economia, que inibem nosso crescimento"", completou. Na pesquisa, o Datafolha também perguntou os entrevistados sobre uma eventual entrada de Lula na disputa. Nesse cenário, ele ganharia em primeiro turno, diferentemente do que ocorreria com Dilma. Apesar de ter obtido crescimento nas intenções de voto, Aécio disse em São Luís ter ""os pés no chão"". ""Nós temos que apresentar as nossas propostas, não há ainda o envolvimento da sociedade, da população como um todo no processo político. No momento em que o debate começar, o contraditório puder ser feito, a discussão de teses, de convicções, quando os pontos de vista avançarem, aí sim teremos um resultado mais próximo do resultado final das eleições"", disse. Na capital maranhense, Aécio participou de evento que ratificou a aliança tucana no estado com um partido que integra a base aliada do governo federal, o PCdoB, que tem como pré-candidato a governador o ex-deputado federal Flávio Dino. PesquisasO Instituto Datafolha divulgou nesta sexta, no site do jornal “Folha de S.Paulo”, pesquisa de intenção de voto para presidente da República neste ano. A pesquisa indica que a presidente Dilma Rousseff (PT) tem 37% das intenções de voto, contra 38% dos dez demais candidatos somados. Em um cenário com os mesmos candidatos, mas com Lula no lugar de Dilma, o ex-presidente aparece com 49% das intenções de voto, contra 32% dos outros candidatos somados. Veja os números do Datafolha para a pesquisa estimulada em quatro cenários: Cenário A (com partidos menores)- Dilma Rousseff (PT): 37%- Aécio Neves (PSDB): 20%- Eduardo Campos (PSB): 11%- Pastor Everaldo (PSC): 3%- Denise Abreu (PEN): 1%- Eduardo Jorge (PV): 1%- José Maria (PSTU): 1%- Randolfe Rodrigues (PSOL): 1%- Eymael (PSDC): 0%- Levy Fidelix (PRTB): 0%- Mauro Iasi (PCB): 0%- Brancos/nulos/nenhum: 16%- Não sabe: 8% Cenário B (sem os partidos menores)- Dilma: 41%- Aécio: 22%- Campos: 14%- Brancos/nulos: 16%- Não sabe: 7% Cenário C (sem os partidos menores)- Lula: 52%- Aécio: 19%- Campos: 11%- Brancos/nulos: 12%- Não sabe: 6% Cenário D (com os partidos menores)- Lula: 49%- Aécio: 17%- Campos: 9%- Pastor Everaldo: 2%- Denise Abreu: 1%- Eduardo Jorge: 1%- José Maria: 1%- Randolfe Rodrigues: 1%- Eymael: 0%- Levy Fidelix: 0%- Mauro Iasi: 0%- Brancos/nulos: 12%- Não sabe: 7% A pesquisa foi realizada entre os dias 7 e 8 de maio. Foram entrevistadas 2.844 pessoas em 174 cidades do país. A margem de erro é de dois pontos percentuais, para mais ou para menos. O nível de confiança é de 95%. Isso quer dizer que o instituto tem 95% de certeza de que os resultados obtidos estão dentro da margem de erro. A pesquisa está registrada no Tribunal Superior Eleitoral (TSE) sob o número BR-00104/2014. CPI da PetrobrasSobre a criação de uma Comissão Parlamentar de Inquérito (CPI) destinada a investigar a Petrobras, o senador Aécio Neves afirmou, durante a sabatina realizada nesta sexta em Maceió, que vai continuar pressionando o governo para que ela seja instaurada o quanto antes. ""Essa CPI não nasceu da oposição, como alguns membros da base do governo gostam de dizer. Não acordamos um dia e resolvemos 'olha, vamos fazer uma CPI da Petrobras para prejudicar a presidente da República'. Não, a CPI se fez necessária e vai funcionar por causa de uma série de denúncias que trazem indiginação à sociedade brasileira"", afirmou. Aécio Neves defendeu ainda que sejam investigadas outras irregularidades da empresa que venham à tona. ""Os negócios que estamos sabendo cada vez mais não são apenas de Passadena, que talvez seja o mais conhecido, mas de muitos outros negócios suspeitos que aconteceram na Petrobras"", concluiu.";partial;11393
Tárcio atribui vitória de João na PB a 'decisão popular contra golpistas' e critica Bolsonaro - Candidato do PSOL, Tárcio Teixeira, ficou em quarto lugar nas Eleições 2018. João Azevêdo (PSB) foi eleito governador da PB no primeiro turno. - Tárcio Teixeira (PSOL) — Foto: Reprodução/TV Cabo Branco O candidato do PSOL ao governo da Paraíba, Tárcio Teixeira, ficou em quarto lugar no primeiro turno das eleições e, nesta segunda-feira (8), o diretório estadual do partido emitiu uma nota onde atribuiu a vitória de João Azevêdo (PSB) a uma “decisão popular de optar por varrer da política paraibana os golpistas inimigos do povo” e também reforçou uma postura de oposição às ideias de Jair Bolsonaro, candidato do PSL a presidente. “Saímos desse processo eleitoral com a certeza de nosso crescimento, não apenas pela quantidade de votos nas candidaturas de Tárcio e Adjany, Nelson Junior, Nivaldo Mangueira e em nossos/as Deputados/as Estaduais e Federais, mas pelo reconhecimento que temos tido nas ruas”, diz. “Somos parte direta da derrota do golpismo na chapa majoritária”, completa a nota do partido. Tárcio Teixeira obteve 15.522 votos, um total de 0,81%, ficando atrás de José Maranhão (MDB), Lucélio Cartaxo (PV) e João Azevêdo (PSB), que foi eleito governador, no primeiro turno, com 1.119.758 votos, um total de 58,18% dos votos.;impartial;11417
